src,name,title,price,orignal_price
"https://resource.smartisan.com/resource/2274dc1c12c7e41f4ce334372dc200f1.jpg?x-oss-process=image/resize,w_216/format,webp",德国欧乐菲 章铁匠中式铸铁炖炒锅,家居日用9折,￥332.00,￥369.00
"https://resource.smartisan.com/resource/1dcf7193313d9b5926add531276532ab.jpg?x-oss-process=image/resize,w_216/format,webp",德国欧乐菲 巴宝克系列压铸轻质麦饭石色耐磨王炒锅,家居日用9折,￥197.00,￥219.00
"https://resource.smartisan.com/resource/b0eea66382fb3aecfe104349906ecef2.jpg?x-oss-process=image/resize,w_216/format,webp",德国欧乐菲 章铁匠小锤锻打中华老铁锅,家居日用9折,￥197.00,￥219.00
"https://resource.smartisan.com/resource/8e21157892053053c78a0ec17a4bfc5c.jpg?x-oss-process=image/resize,w_216/format,webp",德国欧乐菲 章铁匠锻铸中式老铁锅炒锅,家居日用9折,￥179.00,￥199.00
"https://resource.smartisan.com/resource/f1f25f8749acf5d1b1c6423c54cecf30.jpg?x-oss-process=image/resize,w_216/format,webp",德国欧乐菲 宝仕康系列304不锈钢菜板,家居日用9折,￥125.00,￥139.00
"https://resource.smartisan.com/resource/9b431d1f74a181367570dfe899963de1.jpg?x-oss-process=image/resize,w_216/format,webp",德国欧乐菲 304不锈钢两面菜板,家居日用9折,￥143.00,￥159.00
"https://resource.smartisan.com/resource/5782ad79e5de4e732750a063a61f7478.jpg?x-oss-process=image/resize,w_216/format,webp",梵高（VanGogh）瑞士手表男 自画像Gent 02-1黑色,梵高手表直降300元,"￥1,480.00","￥1,780.00"
"https://resource.smartisan.com/resource/a87d258c14a3f2a9a0a9db2f51ecd28d.jpg?x-oss-process=image/resize,w_216/format,webp",梵高（VanGogh）瑞士手表 马的石膏像OPHM-L星空蓝,梵高手表直降300元,"￥1,480.00","￥1,780.00"
"https://resource.smartisan.com/resource/2634825491da8ee0bd2eebbf8e806ac5.jpg?x-oss-process=image/resize,w_216/format,webp",梵高（VanGogh）瑞士手表男 马的石膏像Gent 10-1星空蓝,梵高手表直降300元,"￥1,480.00","￥1,780.00"
"https://resource.smartisan.com/resource/fd8cfab2b68df8fdf0f6dba08526f80b.jpg?x-oss-process=image/resize,w_216/format,webp",梵高（VanGogh）瑞士手表女 海景 OPTM-L星空蓝,梵高手表直降300元,"￥1,480.00","￥1,780.00"
"https://resource.smartisan.com/resource/bd470d35e4f2c4f4ecab9435521bff32.jpg?x-oss-process=image/resize,w_216/format,webp",梵高（VanGogh）瑞士手表男 海景 Gent 04-1星空蓝,梵高手表直降300元,"￥1,480.00","￥1,780.00"
"https://resource.smartisan.com/resource/260e2567e3ad19daeefd991547d5e1b1.jpg?x-oss-process=image/resize,w_216/format,webp",梵高（VanGogh）瑞士手表男 麦田群鸦 Gent 07-1星空蓝,梵高手表直降300元,"￥1,480.00","￥1,780.00"
"https://resource.smartisan.com/resource/0707d53e09012d0526605dcc35ccd200.jpg?x-oss-process=image/resize,w_216/format,webp",梵高（VanGogh）瑞士女士石英手表 麦田群鸦 OPWM-L,梵高手表直降300元,"￥1,480.00","￥1,780.00"
"https://resource.smartisan.com/resource/c6aec20df9004cc296cc7065ae4345f2.jpg?x-oss-process=image/resize,w_216/format,webp",梵高（VanGogh）瑞士女士石英手表 盛开的杏树,梵高手表直降300元,"￥1,480.00","￥1,780.00"
"https://resource.smartisan.com/resource/ffbd3a081cf5918a6ee21df6fa93907a.jpg?x-oss-process=image/resize,w_216/format,webp",梵高（VanGogh）瑞士女士石英手表 紫苑和夹竹桃Lady 16,梵高手表直降300元,"￥1,480.00","￥1,780.00"
"https://resource.smartisan.com/resource/788e8977f17f9d824ef18d26fee56494.jpg?x-oss-process=image/resize,w_216/format,webp",梵高（VanGogh）瑞士女士石英手表 紫苑和夹竹桃Lady 16-RM,梵高手表直降300元,"￥1,480.00","￥1,780.00"
"https://resource.smartisan.com/resource/b291e09140df41b40cbb551c42ac70f8.jpg?x-oss-process=image/resize,w_216/format,webp",张小泉 极致系列厨房多用剪,家居日用9折,￥54.00,￥60.00
"https://resource.smartisan.com/resource/bda99f9c90a68bd09f3682e76c625d69.jpg?x-oss-process=image/resize,w_216/format,webp",张小泉 全家福套装三件套,家居日用9折,￥80.00,￥89.00
"https://resource.smartisan.com/resource/f56f73b408c9c5ffee765847affaccd5.jpg?x-oss-process=image/resize,w_216/format,webp",张小泉 简艺系列果蔬四件套,家居日用9折,￥116.00,￥129.00
"https://resource.smartisan.com/resource/3eb416fac3721193f803f8f674e6ea63.jpg?x-oss-process=image/resize,w_216/format,webp",张小泉 锤点系列刀具礼盒装,家居日用9折,￥179.00,￥199.00
"https://resource.smartisan.com/resource/ba614edc8672fd1487077079eadf5571.jpg?x-oss-process=image/resize,w_216/format,webp",张小泉 银鹭系列套装刀具七件套,家居日用9折,￥359.00,￥399.00
"https://resource.smartisan.com/resource/b1e0c80614dca9aa2743139c207f1980.jpg?x-oss-process=image/resize,w_216/format,webp",张小泉 张字号雅仕系列套装刀具七件套,家居日用9折,￥386.00,￥429.00
"https://resource.smartisan.com/resource/07d67a1f292d4503edee4d485d3a2275.jpg?x-oss-process=image/resize,w_216/format,webp",张小泉 张字号红妆系列套装刀具七件套,家居日用9折,￥538.00,￥598.00
"https://resource.smartisan.com/resource/1fa37f28c9b9c29dd894aba903997fd2.jpg?x-oss-process=image/resize,w_216/format,webp",张小泉 张字号系列套装刀具七件套,家居日用9折,￥809.00,￥899.00
"https://resource.smartisan.com/resource/6f6a5c3900377572768adbee3c3ab1c4.jpg?x-oss-process=image/resize,w_216/format,webp",张小泉 古法老式极锻三件套,家居日用9折,￥539.00,￥599.00
"https://resource.smartisan.com/resource/dc688e20326231aaf1718c115dd9bc56.jpg?x-oss-process=image/resize,w_216/format,webp",张小泉 锦厨系列精铁锅具两件套,家居日用9折,￥359.00,￥399.00
"https://resource.smartisan.com/resource/9dd69c7624df2dbc890f0cbc4b862175.jpg?x-oss-process=image/resize,w_216/format,webp",张小泉 乐厨不锈钢套装,家居日用9折,￥296.00,￥329.00
"https://resource.smartisan.com/resource/85ab427e0b8ff436b8bad52e64c6ab15.jpg?x-oss-process=image/resize,w_216/format,webp",张小泉 万家简品精铁炒锅,家居日用9折,￥232.00,￥258.00
"https://resource.smartisan.com/resource/7e29d108e8495a8298ccd9e0cdedec47.jpg?x-oss-process=image/resize,w_216/format,webp",张小泉 经典不粘锅三件套,家居日用9折,￥809.00,￥899.00
"https://resource.smartisan.com/resource/315c9d423303b336acea46c1172b301f.jpg?x-oss-process=image/resize,w_216/format,webp",张小泉 锋味三层蒸锅,家居日用9折,￥359.00,￥399.00
"https://resource.smartisan.com/resource/25b097a9da994805e00646d097f15b06.jpg?x-oss-process=image/resize,w_216/format,webp",张小泉 宜家不锈钢三件套,家居日用9折,￥548.00,￥609.00
"https://resource.smartisan.com/resource/1fe223e4bf562b3e4fde0db56f31972d.jpg?x-oss-process=image/resize,w_216/format,webp",张小泉 美家真不锈三件套,家居日用9折,￥539.00,￥599.00
"https://resource.smartisan.com/resource/3cc3dced375a41ff5f0031120a5401f4.jpg?x-oss-process=image/resize,w_216/format,webp",张小泉 恋家真不锈二件套,家居日用9折,￥449.00,￥499.00
"https://resource.smartisan.com/resource/ad35762b15ea140cfde0c5ae74f31a43.jpg?x-oss-process=image/resize,w_216/format,webp",张小泉 匠艺老铁锅,家居日用9折,￥368.00,￥409.00
"https://resource.smartisan.com/resource/f6bd1f506385fa7d27eef4d8d1347772.jpg?x-oss-process=image/resize,w_216/format,webp",张小泉 真不锈铁铸炒锅,家居日用9折,￥449.00,￥499.00
"https://resource.smartisan.com/resource/3cfc60aec85033b921ed85bae77bc633.jpg?x-oss-process=image/resize,w_216/format,webp",张小泉 原铁精铸炒锅,家居日用9折,￥322.00,￥358.00
"https://resource.smartisan.com/resource/314b424a7e82d856d4e2620a3f207d41.jpg?x-oss-process=image/resize,w_216/format,webp",多样屋 晶彩耐热玻璃便当盒,家居日用9折,￥76.00,￥85.00
"https://resource.smartisan.com/resource/deb680350d0a359da3f7bd2a78e5d7bd.jpg?x-oss-process=image/resize,w_216/format,webp",多样屋 节节高升合金筷10双非我莫属礼盒,家居日用9折,￥332.00,￥369.00
"https://resource.smartisan.com/resource/c552074aa5d8a0e4b49a1540ffb93530.jpg?x-oss-process=image/resize,w_216/format,webp",多样屋 多功能料理锅,家居日用9折,￥719.00,￥799.00
"https://resource.smartisan.com/resource/97695ab1ab6bd80e76c0c429d08b3dd0.jpg?x-oss-process=image/resize,w_216/format,webp",多样屋 健康玻璃油醋瓶礼盒,家居日用9折,￥70.00,￥78.00
"https://resource.smartisan.com/resource/4b61588bdbf21e7f51014cb88faf9316.jpg?x-oss-process=image/resize,w_216/format,webp",多样屋 乐彩奈米陶瓷水果刀两件套,家居日用9折,￥143.00,￥159.00
"https://resource.smartisan.com/resource/24ad285cb284dc0a8bfa63b3046735b4.jpg?x-oss-process=image/resize,w_216/format,webp",多样屋 卡摩斯砧板蓝色,家居日用9折,￥70.00,￥78.00
"https://resource.smartisan.com/resource/3c960d5f3ba11c0037131c9ef418d336.jpg?x-oss-process=image/resize,w_216/format,webp",多样屋 浩天安心抗菌便携筷勺,家居日用9折,￥53.00,￥59.00
"https://resource.smartisan.com/resource/0690c387782d7a4f9d05bba57e1457a9.jpg?x-oss-process=image/resize,w_216/format,webp",多样屋 骑士保温壶II代,家居日用9折,￥359.00,￥399.00
"https://resource.smartisan.com/resource/d7338a0b9c2df7f7ff5fd537bac4bc60.jpg?x-oss-process=image/resize,w_216/format,webp",多样屋 尚焖烧杯,家居日用9折,￥241.00,￥268.00
"https://resource.smartisan.com/resource/53fdf35ce23350ba981101ffeb8b297f.jpg?x-oss-process=image/resize,w_216/format,webp",多样屋 冷暖魔温杯,家居日用9折,￥179.00,￥199.00
"https://resource.smartisan.com/resource/352b51d0846f009aec6c302dfb1a3729.jpg?x-oss-process=image/resize,w_216/format,webp",多样屋 晨曦不锈钢保温杯,家居日用9折,￥170.00,￥189.00
"https://resource.smartisan.com/resource/5d8df4e3adfd62836a8aec7709223c54.jpg?x-oss-process=image/resize,w_216/format,webp",多样屋 纯棉英格兰毛巾礼盒,家居日用9折,￥189.00,￥211.00
"https://resource.smartisan.com/resource/754b821cbf63d4bbf5b083057cc146b3.jpg?x-oss-process=image/resize,w_216/format,webp",多样屋 赫本干湿两用弹性发梳,家居日用9折,￥53.00,￥59.00
"https://resource.smartisan.com/resource/7e545084491277bc2c7841f9ecf814b7.jpg?x-oss-process=image/resize,w_216/format,webp",多样屋 明雅不锈钢茶隔杯 惠友款,家居日用9折,￥89.00,￥99.00
"https://resource.smartisan.com/resource/0710df9523ab322a7566a7c0a31e5ad2.jpg?x-oss-process=image/resize,w_216/format,webp",多样屋 樱花粉mini保温壶,家居日用9折,￥179.00,￥199.00
"https://resource.smartisan.com/resource/a5203e9b319f91413a4d44e38f518688.jpg?x-oss-process=image/resize,w_216/format,webp",多样屋 极限运动杯,家居日用9折,￥53.00,￥59.00
"https://resource.smartisan.com/resource/b32b931be13260b39fdbe62cbeccc06b.jpg?x-oss-process=image/resize,w_216/format,webp",多样屋 绚丽弹盖茶隔杯,家居日用9折,￥53.00,￥59.00
"https://resource.smartisan.com/resource/759a734b761ba4f56c9af1633bd5e055.jpg?x-oss-process=image/resize,w_216/format,webp",恒源祥 休闲双肩包,恒源祥背包直降20元,￥119.00,￥139.00
"https://resource.smartisan.com/resource/98c9239a421b10018ac26795dfc19294.jpg?x-oss-process=image/resize,w_216/format,webp",恒源祥 炫彩防水双肩包,恒源祥背包直降20元,￥58.00,￥78.00
"https://resource.smartisan.com/resource/9054da370f1c5af7b894e644cc44895c.jpg?x-oss-process=image/resize,w_216/format,webp",恒源祥 纯色双肩包,恒源祥背包直降20元,￥119.00,￥139.00
"https://resource.smartisan.com/resource/7beb7e227ef4c897072547c8f291e2a0.jpg?x-oss-process=image/resize,w_216/format,webp",恒源祥 多功能双肩包,恒源祥背包直降20元,￥119.00,￥139.00
"https://resource.smartisan.com/resource/6435b0841daf7f82d621baace323fe8d.jpg?x-oss-process=image/resize,w_216/format,webp",恒源祥 青春撞色双肩包,恒源祥背包直降20元,￥108.00,￥128.00
"https://resource.smartisan.com/resource/82689de17c893d35ca3259f4078046cc.png?x-oss-process=image/resize,w_216/format,webp",恒源祥 日系双肩包,恒源祥背包直降20元,￥119.00,￥139.00
"https://resource.smartisan.com/resource/18d363510f165f202c65926e948b85b5.jpg?x-oss-process=image/resize,w_216/format,webp",恒源祥 商务旅游双肩包,恒源祥背包直降20元,￥99.00,￥119.00
"https://resource.smartisan.com/resource/127382b01af72cfaaaec1a4b8a1f79d3.jpg?x-oss-process=image/resize,w_216/format,webp",恒源祥 折叠双肩包,恒源祥背包直降20元,￥68.00,￥88.00
"https://resource.smartisan.com/resource/4e4c768d6b7b07fb4a325eb992ab1b08.jpg?x-oss-process=image/resize,w_216/format,webp",阿尔法蛋智能蓝牙跳绳,首销特惠,￥159.00,￥199.00
"https://resource.smartisan.com/resource/b7f4440e1d375a6b9835c5aadad564f6.jpg?x-oss-process=image/resize,w_216/format,webp",阳夫人 家居凉拖鞋 动物版,居家拖鞋直降,￥25.00,￥29.90
"https://resource.smartisan.com/resource/46a1451aa217643d14f9a0c850753c38.jpg?x-oss-process=image/resize,w_216/format,webp",阳夫人 家居凉拖鞋 日版,居家拖鞋直降,￥23.00,￥26.90
"https://resource.smartisan.com/resource/23370e94e499d48033cfbac55dc465fa.jpg?x-oss-process=image/resize,w_216/format,webp",阳夫人 家居凉拖鞋 字母版,满200减10,￥17.00,￥19.90
"https://resource.smartisan.com/resource/09e600dd20a765ee47b08edb2ae1062c.jpg?x-oss-process=image/resize,w_216/format,webp",福建黑叶荔枝 漳州产地直发,新鲜荔枝直降,￥28.00,￥29.90
"https://resource.smartisan.com/resource/b2e98ae73d3750f45f010e031296fec0.jpg?x-oss-process=image/resize,w_216/format,webp",硕非凡 灭蚊灯,灭蚊灯直降30元,￥228.00,￥258.00
"https://resource.smartisan.com/resource/9ddc91d3211e18f879f54e8d8b9b59f8.png?x-oss-process=image/resize,w_216/format,webp",Ninebot 九号平衡车Nano 超级飞侠定制版,九号机器人 上新特惠,"￥1,589.00","￥1,599.00"
"https://resource.smartisan.com/resource/fc766f616169322633d868dab4916fb5.png?x-oss-process=image/resize,w_216/format,webp",Ninebot 九号电动滑板车（运动版）,九号机器人 上新特惠,"￥2,599.00","￥2,799.00"
"https://resource.smartisan.com/resource/dc031a96d3ad91fb33a12f379959ee83.png?x-oss-process=image/resize,w_216/format,webp",Ninebot mini Pro九号平衡车（增强版） 智能代步电动体感车,九号机器人 上新特惠,"￥3,499.00","￥3,699.00"
"data:image/gif;base64,R0lGODlhAQABAIAAAAAAAP///yH5BAEAAAAALAAAAAABAAEAAAIBRAA7",Ninebot 九号平衡车卡丁改装套件（不含平衡车）,九号机器人 上新特惠,"￥2,799.00","￥2,999.00"
"data:image/gif;base64,R0lGODlhAQABAIAAAAAAAP///yH5BAEAAAAALAAAAAABAAEAAAIBRAA7",爱可乐/Echolac PC183E 拉杆箱,新品上市 限时特惠,"￥1,219.00","￥2,280.00"
"data:image/gif;base64,R0lGODlhAQABAIAAAAAAAP///yH5BAEAAAAALAAAAAABAAEAAAIBRAA7",金珍 鱿鱼仔,防暑季直降,￥21.00,￥23.80
"data:image/gif;base64,R0lGODlhAQABAIAAAAAAAP///yH5BAEAAAAALAAAAAABAAEAAAIBRAA7",小霸王 点读笔,小霸王学习机游戏机直降,￥208.00,￥218.00
"data:image/gif;base64,R0lGODlhAQABAIAAAAAAAP///yH5BAEAAAAALAAAAAABAAEAAAIBRAA7",小霸王 S9000A游戏机 16G,满400减30,￥288.00,￥298.00
"https://resource.smartisan.com/resource/f515a8ca92dcd011979bdbc844309de4.jpg?x-oss-process=image/resize,w_216/format,webp",小霸王 平板电脑 R10 旗舰版 2G+32G,小霸王学习机游戏机直降,￥879.00,￥898.00
"https://resource.smartisan.com/resource/a9a79f5610d261c6f4ee69fcb0c35ab3.jpg?x-oss-process=image/resize,w_216/format,webp",小霸王 Q900游戏机 32G,满400减30,￥418.00,￥428.00
"https://resource.smartisan.com/resource/bf0dff5c95b4c15965beee25b68eb1eb.jpg?x-oss-process=image/resize,w_216/format,webp",小霸王 平板电脑 H10 Pro 2G+32G,小霸王学习机游戏机直降,"￥1,069.00","￥1,098.00"
"https://resource.smartisan.com/resource/33403246dd4e54b56011dbbb548e75bd.jpg?x-oss-process=image/resize,w_216/format,webp",小霸王 平板电脑 K10 Pro 2G+32G,小霸王学习机游戏机直降,￥959.00,￥998.00
"https://resource.smartisan.com/resource/bbf18b5188810058d4859429640900c5.jpg?x-oss-process=image/resize,w_216/format,webp",HTC VIVE CE 智能VR眼镜,进入真实的“虚拟”世界,"￥4,888.00",
"https://resource.smartisan.com/resource/1b3a1aaf0359dfc21dc400c8222c31c8.jpg?x-oss-process=image/resize,w_216/format,webp",HTC VIVE COSMOS 智能VR眼镜,拓展未来 无限可能,"￥5,899.00",
"https://resource.smartisan.com/resource/6717f9a127558f242ff1f652520d500d.jpg?x-oss-process=image/resize,w_216/format,webp",小霸王 D99红白机,满600减60,￥289.00,￥298.00
"https://resource.smartisan.com/resource/e475372ce8676fa6dfc6c131335066e1.jpg?x-oss-process=image/resize,w_216/format,webp",依帽趣人卡通印花大帽檐空顶帽,防暑季直降,￥25.00,￥29.00
"https://resource.smartisan.com/resource/06a1ff002dbd713398cdb4bf5c696075.jpg?x-oss-process=image/resize,w_216/format,webp",依帽趣人防紫外线空顶帽,满200减10,￥59.00,￥69.00
"https://resource.smartisan.com/resource/dfa5ba10b9b3a72441bae361779a11b0.jpg?x-oss-process=image/resize,w_216/format,webp",依帽趣人冰丝防紫外线空顶帽,满200减10,￥79.00,￥89.00
"https://resource.smartisan.com/resource/fc3ab66fb0f319ea4491aeb81ea9dab2.jpg?x-oss-process=image/resize,w_216/format,webp",金珍 鱿鱼条,防暑季直降,￥12.00,￥12.80
"https://resource.smartisan.com/resource/011fed145fd4d54fe779ba46f3d3829c.jpg?x-oss-process=image/resize,w_216/format,webp",金珍 鱿鱼丝,防暑季直降,￥12.00,￥12.80
"https://resource.smartisan.com/resource/28ee6158dccfd1e73fd8e4501b511031.jpg?x-oss-process=image/resize,w_216/format,webp",金珍 鳕鱼片,防暑季直降,￥13.00,￥13.80
"https://resource.smartisan.com/resource/8a417dd7a32a29c56ab3997a9b9e1080.jpg?x-oss-process=image/resize,w_216/format,webp",金珍 香酥香辣小黄鱼,防暑季直降,￥9.00,￥9.90
"https://resource.smartisan.com/resource/16c85d5d9b97993645bed8323ea270ce.jpg?x-oss-process=image/resize,w_216/format,webp",托马斯 卡通形象便携式免洗洗手液,满200减10,￥28.00,
"https://resource.smartisan.com/resource/8d56cccff7cb7c734587a25b45d8543a.jpg?x-oss-process=image/resize,w_216/format,webp",APIYOO 成人声波电动牙刷 RL-AP7 SUP款,满400减30,￥368.00,
"https://resource.smartisan.com/resource/040f3a196132d7f01d3431a75b7b52c5.jpg?x-oss-process=image/resize,w_216/format,webp",托马斯 卡通形象儿童超细软毛牙刷,满600减60,￥28.00,
"https://resource.smartisan.com/resource/2aa790592d4ba81f87637fa3035e7742.jpg?x-oss-process=image/resize,w_216/format,webp",托马斯 卡通形象儿童沐浴海绵,满600减60,￥28.00,
"https://resource.smartisan.com/resource/d87bd1d9a7197bbaeffc0ef3d9454466.jpg?x-oss-process=image/resize,w_216/format,webp",REMAX LIFE海王系列防水袋 RL-LF06,深度防水 三重安全保障,￥39.00,
"https://resource.smartisan.com/resource/d432e275dc0c29d228b48becd143e923.jpg?x-oss-process=image/resize,w_216/format,webp",托马斯 卡通形象儿童洗发帽,双重防水 大小可调节,￥32.00,
"https://resource.smartisan.com/resource/56806a619a176b2ef48d3592ade82cc2.jpg?x-oss-process=image/resize,w_216/format,webp",托马斯 卡通形象儿童干发帽,柔软面料 快速吸水,￥38.00,
"https://resource.smartisan.com/resource/b9224cefb11673c36fbdf9e4c90147e5.jpg?x-oss-process=image/resize,w_216/format,webp",托马斯 卡通形象儿童抑菌洗衣皂,温和不刺激,￥12.00,
"https://resource.smartisan.com/resource/b5cd6b5ad6a94423062aec08ed0d3487.jpg?x-oss-process=image/resize,w_216/format,webp",托马斯 卡通形象儿童抑菌洗衣皂（6连包）,深层洁净,￥69.00,
"https://resource.smartisan.com/resource/12b2dea256e81681c5d57d0484cd30af.jpg?x-oss-process=image/resize,w_216/format,webp",托马斯 卡通形象儿童修甲套装,指甲修护小帮手,￥88.00,
"https://resource.smartisan.com/resource/fcac34769972512c2423e116f8e5b912.jpg?x-oss-process=image/resize,w_216/format,webp",托马斯 卡通形象电热蚊香液,满200减10,￥12.00,
"data:image/gif;base64,R0lGODlhAQABAIAAAAAAAP///yH5BAEAAAAALAAAAAABAAEAAAIBRAA7",托马斯 卡通形象电热蚊香液促销套装,驱蚊避蚊,￥29.90,
"data:image/gif;base64,R0lGODlhAQABAIAAAAAAAP///yH5BAEAAAAALAAAAAABAAEAAAIBRAA7",托马斯 卡通形象儿童护肤山茶油,满400减30,￥68.00,
"data:image/gif;base64,R0lGODlhAQABAIAAAAAAAP///yH5BAEAAAAALAAAAAABAAEAAAIBRAA7",托马斯 卡通形象儿童护齿牙膏,有效护齿 远离蛀牙,￥28.00,
"data:image/gif;base64,R0lGODlhAQABAIAAAAAAAP///yH5BAEAAAAALAAAAAABAAEAAAIBRAA7",托马斯 卡通形象儿童洗发沐浴露,泡沫细腻 无皂基,￥78.00,
"data:image/gif;base64,R0lGODlhAQABAIAAAAAAAP///yH5BAEAAAAALAAAAAABAAEAAAIBRAA7",自然堂喜马拉雅补水面膜21片面膜,自然堂直降,￥98.00,￥102.00
"https://resource.smartisan.com/resource/d6fd10a5548c7b68dee28dca1c29659b.jpg?x-oss-process=image/resize,w_216/format,webp",自然堂洗颜霜+柔肤水+柔肤乳+紫色隔离+面膜6张+喷雾150ml 6件装,自然堂直降,￥258.00,￥268.00
"https://resource.smartisan.com/resource/de9a55f9c2fda5ab92ad699b6a102597.jpg?x-oss-process=image/resize,w_216/format,webp",自然堂洗颜霜+柔肤水+柔肤乳+保湿霜+面膜6张+喷雾150ml 6件装,自然堂直降,￥239.00,￥248.00
"https://resource.smartisan.com/resource/6df60fb86b6f57bacc834d6efccfc7be.jpg?x-oss-process=image/resize,w_216/format,webp",自然堂水润保湿柔肤乳,自然堂直降,￥66.00,￥68.00
"https://resource.smartisan.com/resource/9990b93586abcf886e76f6b1b1da3c94.jpg?x-oss-process=image/resize,w_216/format,webp",自然堂水润保湿霜,满200减10,￥66.00,￥68.00
"https://resource.smartisan.com/resource/b9fb9138f5e79df66c31fb8f5814bf23.jpg?x-oss-process=image/resize,w_216/format,webp",乐贝熊AI教育机器人 X10-wifi,开启智能教育时代,￥799.00,
"https://resource.smartisan.com/resource/35dab89350ccb45628f95fafafee7aa6.jpg?x-oss-process=image/resize,w_216/format,webp",托马斯 卡通形象儿童保湿润唇膏,温和亲肤,￥45.00,
"https://resource.smartisan.com/resource/9667ba0f7374554d4487802705709039.jpg?x-oss-process=image/resize,w_216/format,webp",托马斯 卡通形象儿童紫草修护精华液,满400减30,￥58.00,
"https://resource.smartisan.com/resource/a4c4a7ca135d8053d7d382d3234055e7.jpg?x-oss-process=image/resize,w_216/format,webp",托马斯 卡通形象儿童保湿水润霜,补水舒缓,￥78.00,
"https://resource.smartisan.com/resource/b1d0af711387cb63224aac0bcee71189.jpg?x-oss-process=image/resize,w_216/format,webp",托马斯 卡通形象儿童护肤松花粉,温和吸湿,￥58.00,
"https://resource.smartisan.com/resource/4846160442f97ce127307e31fe8a5a6e.jpg?x-oss-process=image/resize,w_216/format,webp",托马斯 卡通形象儿童舒爽热痱粉,满200减10,￥58.00,
"https://resource.smartisan.com/resource/edc1b37743cbcfec13f99d2beaa2c9ce.jpg?x-oss-process=image/resize,w_216/format,webp",托马斯 卡通形象一次性防护口罩非印花版,亲和不刺激,￥89.00,
"https://resource.smartisan.com/resource/52c14f30685adc2f18496f6247119f44.jpg?x-oss-process=image/resize,w_216/format,webp",托马斯 卡通形象一次性防护口罩印花版,吐息之间 多一道健康,￥39.00,
"https://resource.smartisan.com/resource/0d751cafee4d79910e0cf8a7f3df2107.jpg?x-oss-process=image/resize,w_216/format,webp",自然堂水润爽肤保湿柔肤水,自然堂直降,￥56.00,￥58.00
"https://resource.smartisan.com/resource/62c55c7088a3c802ca7d79fb1c61d54e.jpg?x-oss-process=image/resize,w_216/format,webp",自然堂植物水润洗面奶女泡沫深层清洁,水感清润不紧绷,￥32.00,
"https://resource.smartisan.com/resource/ed3e6fc1cf672544c131d9bcfa34c64c.jpg?x-oss-process=image/resize,w_216/format,webp",自然堂男士喜马拉雅龙血能量控油醒肤洁面乳,自然堂直降,￥54.00,￥59.00
"https://resource.smartisan.com/resource/da1d2554bd430907c29d403e3230807e.jpg?x-oss-process=image/resize,w_216/format,webp",自然堂多重隔离防晒乳SPF35PA++,防暑季直降,￥69.00,￥78.00
"https://resource.smartisan.com/resource/ba8444ae604aabf1091ac89574b0c428.jpg?x-oss-process=image/resize,w_216/format,webp",自然堂凝时鲜颜水乳精华套装,自然堂直降,￥499.00,￥518.00
"https://resource.smartisan.com/resource/d5f9fab52e77bb3e51f354cef0464698.jpg?x-oss-process=image/resize,w_216/format,webp",自然堂凝时鲜颜洁水乳三件套装,满600减60,￥400.00,￥408.00
"https://resource.smartisan.com/resource/6e4a83b1143f8a8c5b4252608819fa49.jpg?x-oss-process=image/resize,w_216/format,webp",自然堂凝时鲜颜水霜套装,满600减60,￥308.00,￥312.00
"https://resource.smartisan.com/resource/d7297838352718dc626a1b8ab8afddc9.jpg?x-oss-process=image/resize,w_216/format,webp",自然堂凝时鲜颜水乳套装,满600减60,￥308.00,￥312.00
"https://resource.smartisan.com/resource/00e498f7061b8c7f22f3d5b5772e539c.jpg?x-oss-process=image/resize,w_216/format,webp",自然堂凝时鲜颜肌活修护眼霜,自然堂直降,￥162.00,￥168.00
"https://resource.smartisan.com/resource/c92548a7682b771bed9d76e10925e374.jpg?x-oss-process=image/resize,w_216/format,webp",乐贝熊 X12儿童早教机,满600减60,￥599.00,
"https://resource.smartisan.com/resource/6e25c1b73eb3941c5cef496e8c72cda3.jpg?x-oss-process=image/resize,w_216/format,webp",自然堂雪域精粹油性水乳套装,自然堂直降,￥249.00,￥260.00
"https://resource.smartisan.com/resource/92b9a8916d2a150af0e82567334a9c84.jpg?x-oss-process=image/resize,w_216/format,webp",自然堂雪雪域精粹油性洁水乳套装,满600减60,￥320.00,￥328.00
"https://resource.smartisan.com/resource/068a2aed96b86ee3595351ca90a4d9ba.jpg?x-oss-process=image/resize,w_216/format,webp",乐贝熊A8智能学习机【打印相机】,高清迷你打印机,￥219.00,
"https://resource.smartisan.com/resource/abf820f007d14648760384905c4b8658.jpg?x-oss-process=image/resize,w_216/format,webp",美莱健无叶风扇,防暑季直降,￥719.00,￥799.00
"https://resource.smartisan.com/resource/82d291ace5d983290b8d1e76c947c76d.jpg?x-oss-process=image/resize,w_216/format,webp",乐贝熊儿童趣味相机A3,满400减30,￥249.00,
"https://resource.smartisan.com/resource/6a756b6750c605471fb1d7ab77224549.jpg?x-oss-process=image/resize,w_216/format,webp",自然堂雪域面霜滋润霜 50g,自然堂直降,￥126.00,￥134.00
"https://resource.smartisan.com/resource/fd56f7ca7311fe176361d47fca27dee7.jpg?x-oss-process=image/resize,w_216/format,webp",自然堂雪域洗颜霜洁面,自然堂直降,￥77.00,￥79.00
"https://resource.smartisan.com/resource/779186807be6586f8886f4add6cd0ac9.png?x-oss-process=image/resize,w_216/format,webp",有道口袋打印机G4 原装打印纸,购机送打印纸！,￥369.00,
"https://resource.smartisan.com/resource/813709637cbeef7157589ec2bad93a32.jpg?x-oss-process=image/resize,w_216/format,webp",心相印 竹π三层面巾纸 120抽/包,天然无增光增白,￥64.00,
"https://resource.smartisan.com/resource/63f9f0aa37505985d47a760f91d6fe81.jpg?x-oss-process=image/resize,w_216/format,webp",心相印 卷纸优选郁金香系列,拼团,￥79.00,
"https://resource.smartisan.com/resource/a6bcedbd292924472919dd630e16f32e.jpg?x-oss-process=image/resize,w_216/format,webp",心相印 抽纸餐巾纸金装经典系列,,￥50.00,
"https://resource.smartisan.com/resource/41cc2c9aa3694e06a3d82baf116a201a.png?x-oss-process=image/resize,w_216/format,webp",小龙哈彼儿童滑板车,三挡高度调节，把手高度可调节，适合不同身高,￥169.00,
"https://resource.smartisan.com/resource/57468acfe4eb27abc230b77332ee44fa.png?x-oss-process=image/resize,w_216/format,webp",腾讯 QQfamily儿童智能台灯K8E,5档可调，360度无指向侧向发光，光线柔和,￥639.00,
"https://resource.smartisan.com/resource/d3f2caa9f707698086bcb53600e1eaf2.png?x-oss-process=image/resize,w_216/format,webp",好孩子 儿童平衡车,满400减30,￥369.00,
"https://resource.smartisan.com/resource/346b2421572fdad3ba3250e0caee9c2c.png?x-oss-process=image/resize,w_216/format,webp",火火兔 磁力积木,益智休闲,￥258.00,
"https://resource.smartisan.com/resource/a21df9459049e8c7279627c17a895970.jpg?x-oss-process=image/resize,w_216/format,webp",背背佳U9 防驼背姿势矫姿带,矫正驼背,￥299.00,
"https://resource.smartisan.com/resource/a665b705d885a1203da10a793daa6933.jpg?x-oss-process=image/resize,w_216/format,webp",【布鲁可】布布百变消防车,新品满100-20,￥309.00,￥319.00
"https://resource.smartisan.com/resource/2a2ad83ff2339ac5306cf15cc45525bb.jpg?x-oss-process=image/resize,w_216/format,webp",【布鲁可】海陆空卫队蓝鲸号航空母舰,新品满100-20,￥739.00,￥759.00
"https://resource.smartisan.com/resource/d41a97df07cfecad95c8def36f52786e.jpg?x-oss-process=image/resize,w_216/format,webp",布鲁可儿童大颗粒积木 智能拼装积木套装玩具男女孩编程,新品限时直降,￥969.00,￥999.00
"https://resource.smartisan.com/resource/077ebd31b9c841af192244e1b01a628b.jpg?x-oss-process=image/resize,w_216/format,webp",布鲁可大颗粒积木玩具海陆空系列3-6岁美洲狮遥控吉普车,新品限时直降,￥349.00,￥369.00
"https://resource.smartisan.com/resource/9caf78e84c940ee3248bb45ed085b2ed.jpg?x-oss-process=image/resize,w_216/format,webp",【布鲁可】思维逻辑课 鲁鲁百变遥控推土机 3-5岁 专为儿童设计,新品满100-20,￥209.00,￥219.00
"https://resource.smartisan.com/resource/2575eac082b612da1d25600d6ae46337.jpg?x-oss-process=image/resize,w_216/format,webp",诗梅迪 高保湿精华软膜,安瓶精华液+高水分水光面霜组合,￥126.00,
"https://resource.smartisan.com/resource/f19df0199195de4af2dda1dda926a405.jpg?x-oss-process=image/resize,w_216/format,webp",诗梅迪多效奢养全脸眼霜,水润弹性多效合一,￥268.00,
"https://resource.smartisan.com/resource/b40b23e38dd8d00621fe7ae10c5e1bba.jpg?x-oss-process=image/resize,w_216/format,webp",诗梅迪 蜂胶新生精华面膜,防暑季直降,￥98.00,￥182.00
"https://resource.smartisan.com/resource/73c811ce1b6937959826b0058e6f661f.jpg?x-oss-process=image/resize,w_216/format,webp",诗梅迪 维他命活力精华面膜,防暑季直降,￥98.00,￥182.00
"https://resource.smartisan.com/resource/7edb60114cf7764c86efda6e026e4025.jpg?x-oss-process=image/resize,w_216/format,webp",诗梅迪 氨基酸保湿精华面膜,满600减60,￥98.00,￥182.00
"https://resource.smartisan.com/resource/aa9edf45da6dddb3531bca1591364e7c.jpg?x-oss-process=image/resize,w_216/format,webp",摩飞 便捷式榨汁机,满200减10,￥199.00,
"https://resource.smartisan.com/resource/07914d8ee99e2591ac9d3e451c32336d.jpg?x-oss-process=image/resize,w_216/format,webp",摩飞 热水壶,精致旅居 尽享好水,￥219.00,
"https://resource.smartisan.com/resource/f1dc5fb6fb3a0bd784dc3c21a6b1be2b.jpg?x-oss-process=image/resize,w_216/format,webp",诗梅迪 净润亮肤精油卸妆片,轻轻一擦 深层洁净,￥228.00,
"https://resource.smartisan.com/resource/ee6c743d5164110d56a91c1194ac0bb3.jpg?x-oss-process=image/resize,w_216/format,webp",诗梅迪 净润亮肤去角质凝胶,舒缓去角质,￥148.00,
"https://resource.smartisan.com/resource/e007dd45a03c2c87889fa1c10e97359f.jpg?x-oss-process=image/resize,w_216/format,webp",诗梅迪 甘菊蓝舒润胜肽安瓶,防暑季直降,￥138.00,￥238.00
"https://resource.smartisan.com/resource/d4a316f005d03c71d58d7c57aa92367f.jpg?x-oss-process=image/resize,w_216/format,webp",诗梅迪 甘菊蓝舒润慕丝爽肤水,防暑季直降,￥98.00,￥206.00
"https://resource.smartisan.com/resource/75e084df807a864bf2a9bd9fa843ac62.jpg?x-oss-process=image/resize,w_216/format,webp",诗梅迪 甘菊蓝修复面霜,防暑季直降,￥118.00,￥214.00
"https://resource.smartisan.com/resource/fd6aa74980532db78e77d26591c64c11.jpg?x-oss-process=image/resize,w_216/format,webp",诗梅迪 黄金修护安瓶,打造黄金般魅力肌肤,￥398.00,
"https://resource.smartisan.com/resource/950497d5f3b0ca284bebb5da8c36da07.jpg?x-oss-process=image/resize,w_216/format,webp",诗梅迪 谷胱甘肽精华素,深层补水 淡化细纹,￥214.00,
"https://resource.smartisan.com/resource/8c9bab7b1dc828f7308e9cc0acfcaa0f.jpg?x-oss-process=image/resize,w_216/format,webp",诗梅迪 谷胱甘肽面膜,防暑季直降,￥88.00,￥138.00
"https://resource.smartisan.com/resource/ac3e011b0f6c55a7650dec528e55c6f4.jpg?x-oss-process=image/resize,w_216/format,webp",诗梅迪 玻尿酸保湿乳液,强化肌肤层 提升肌肤弹性,￥238.00,
"https://resource.smartisan.com/resource/0462a9679fb2bbf6c9b7022be124b726.jpg?x-oss-process=image/resize,w_216/format,webp",诗梅迪 玻尿酸爽肤水,集中补水,￥238.00,
"https://resource.smartisan.com/resource/23146d0ea08cf743e84a8ae329f3f061.jpg?x-oss-process=image/resize,w_216/format,webp",诗梅迪 玻尿酸氨基酸洗面奶,（限时）诗梅迪买1赠1！,￥158.00,
"https://resource.smartisan.com/resource/bceccb5bd2fa269203c3f74c404c9cf3.jpg?x-oss-process=image/resize,w_216/format,webp",诗梅迪 玻尿酸保湿安瓶精华液,赠品：请勿下单,￥999.00,
"https://resource.smartisan.com/resource/3f2ddc9be9e683490a62524ea88eae82.jpg?x-oss-process=image/resize,w_216/format,webp",诗梅迪 玻尿酸面膜,防暑季直降,￥88.00,￥198.00
"https://resource.smartisan.com/resource/334105b19c1a917f01f70a76926b9970.jpg?x-oss-process=image/resize,w_216/format,webp",MLB 经典男士护理套装,（限时）MLB 买10赠1！,￥298.00,
"https://resource.smartisan.com/resource/d902c1cf892a06cebd94987733a9c9f9.jpg?x-oss-process=image/resize,w_216/format,webp",MLB 男士四合一 多效护理精华,镇定保湿 护理毛孔,￥198.00,
"data:image/gif;base64,R0lGODlhAQABAIAAAAAAAP///yH5BAEAAAAALAAAAAABAAEAAAIBRAA7",MLB 男士三合一 滋养保湿乳,滋养保湿 镇定肌肤,￥198.00,
"data:image/gif;base64,R0lGODlhAQABAIAAAAAAAP///yH5BAEAAAAALAAAAAABAAEAAAIBRAA7",MLB 男士三合一洁面乳,剃须洁面 滋润保湿,￥115.00,
"data:image/gif;base64,R0lGODlhAQABAIAAAAAAAP///yH5BAEAAAAALAAAAAABAAEAAAIBRAA7",丽彩娜 蛋白滋养染发剂,（限时）丽彩娜买10赠1！,￥79.00,
"data:image/gif;base64,R0lGODlhAQABAIAAAAAAAP///yH5BAEAAAAALAAAAAABAAEAAAIBRAA7",丽彩娜 悦卡乐炫彩染发膏,便捷染护 亮泽发丝,￥79.00,
"data:image/gif;base64,R0lGODlhAQABAIAAAAAAAP///yH5BAEAAAAALAAAAAABAAEAAAIBRAA7",APIYOO 皮卡丘声波儿童牙刷,满400减30,￥299.00,
"data:image/gif;base64,R0lGODlhAQABAIAAAAAAAP///yH5BAEAAAAALAAAAAABAAEAAAIBRAA7",REMAX 致美系列弹盖保温杯,防暑季直降,￥56.00,￥68.00
"data:image/gif;base64,R0lGODlhAQABAIAAAAAAAP///yH5BAEAAAAALAAAAAABAAEAAAIBRAA7",Remax 如意挂脖风扇,防暑季直降,￥53.00,￥69.00
"data:image/gif;base64,R0lGODlhAQABAIAAAAAAAP///yH5BAEAAAAALAAAAAABAAEAAAIBRAA7",迪乐贝尔 吸管塑料杯,满200减10,￥58.00,
"data:image/gif;base64,R0lGODlhAQABAIAAAAAAAP///yH5BAEAAAAALAAAAAABAAEAAAIBRAA7",摩飞 随行榨汁机,一只会榨汁的随行杯,￥219.00,
"data:image/gif;base64,R0lGODlhAQABAIAAAAAAAP///yH5BAEAAAAALAAAAAABAAEAAAIBRAA7",摩飞 食物处理器,满400减30,￥328.00,
"data:image/gif;base64,R0lGODlhAQABAIAAAAAAAP///yH5BAEAAAAALAAAAAABAAEAAAIBRAA7",摩飞 多功能锅,蒸煮煎烤 样样都行,￥990.00,
"data:image/gif;base64,R0lGODlhAQABAIAAAAAAAP///yH5BAEAAAAALAAAAAABAAEAAAIBRAA7",摩飞 干果机,满600减60,￥469.00,
"data:image/gif;base64,R0lGODlhAQABAIAAAAAAAP///yH5BAEAAAAALAAAAAABAAEAAAIBRAA7",摩飞 料理棒,满400减30,￥399.00,
"data:image/gif;base64,R0lGODlhAQABAIAAAAAAAP///yH5BAEAAAAALAAAAAABAAEAAAIBRAA7",摩飞 家用小型手持蒸汽挂烫机,方便携带 旅行可用,￥398.00,
"data:image/gif;base64,R0lGODlhAQABAIAAAAAAAP///yH5BAEAAAAALAAAAAABAAEAAAIBRAA7",摩飞 砧板刀具消毒机,分类菜板刀架 紫外线杀菌,￥328.00,
"https://resource.smartisan.com/resource/f33dae1ca1b11aa14ce92269ef56c31b.jpg?x-oss-process=image/resize,w_216/format,webp",REMAXLIFE 按摩枪,深度按摩 高频震动,￥499.00,
"https://resource.smartisan.com/resource/3471981795726f8e710362df055b0c42.jpg?x-oss-process=image/resize,w_216/format,webp",REMAXLIFE 便携遥控可收纳桌面落地风扇 RL-FN26,红外遥控器，4档风速调节,￥199.00,
"https://resource.smartisan.com/resource/3098a21e4838b4391798c1ec00fe7c83.jpg?x-oss-process=image/resize,w_216/format,webp",REMAXLIFE 便携迷你收纳式三叶风扇,可手持 可桌面摆放,￥70.00,
"https://resource.smartisan.com/resource/f4dc77cc05e0b99b47cb4bde33c53902.jpg?x-oss-process=image/resize,w_216/format,webp",睿量 LIFE 飞碟系列金属车载香薰,一键按压式开关 瞬间散发清新香味,￥75.00,
"https://resource.smartisan.com/resource/0d7ac45c93323e8f5300e3aabe5c1c33.jpg?x-oss-process=image/resize,w_216/format,webp",睿量 乐享MAX无线充车载支架,随心所欲，多角度旋转,￥99.00,
"https://resource.smartisan.com/resource/0390f7bb98e7d8843f136499d287f722.jpg?x-oss-process=image/resize,w_216/format,webp",机乐堂 时光冰冷风扇,三层制冷 无极调速,￥299.00,
"https://resource.smartisan.com/resource/289db7a42d6adbc844eeb489780d098b.jpg?x-oss-process=image/resize,w_216/format,webp",糖猫 儿童手表E2,39g裸感佩戴,￥398.00,
"https://resource.smartisan.com/resource/36925ab92246a2721b033e26590f25e8.jpg?x-oss-process=image/resize,w_216/format,webp",糖猫 basic儿童手表,多重定位 400mAh电池容量,￥119.00,
"https://resource.smartisan.com/resource/ac310eccab9653321290e6614c316e1e.jpg?x-oss-process=image/resize,w_216/format,webp",糖猫 前后双摄可视频K1儿童手表,Wi-Fi连接 液晶显示屏 Wi-Fi连接 高清视频通话,￥499.00,
"https://resource.smartisan.com/resource/4d9e3cdcea4d35410fe6f8331f521c0c.jpg?x-oss-process=image/resize,w_216/format,webp",糖猫 plus2手表,满200减10,￥199.00,
"https://resource.smartisan.com/resource/69d56990440fd3b6ff5f4aa508c14867.jpg?x-oss-process=image/resize,w_216/format,webp",ASPOR A663智能TWS蓝牙音箱,纺织布面料 高质量音质,￥103.60,
"https://resource.smartisan.com/resource/8040f6da2e04b0f292635195e0c5f78b.jpg?x-oss-process=image/resize,w_216/format,webp",唱吧精灵麦克风Q3,满600减60,￥439.00,
"https://resource.smartisan.com/resource/7c77bd75447d251b85c7bac321c17d82.jpg?x-oss-process=image/resize,w_216/format,webp",唱吧喇叭麦克风G1,每一句都有戏,￥399.00,
"https://resource.smartisan.com/resource/fcae33cc714d9cd5647144e488691e49.jpg?x-oss-process=image/resize,w_216/format,webp",唱吧小巨蛋麦克风G2,多种嗨唱模式,￥499.00,
"https://resource.smartisan.com/resource/3b969a4d5d80ee81273495af9b03eda7.jpg?x-oss-process=image/resize,w_216/format,webp",搜狗录音笔C1,满400减30,￥398.00,
"https://resource.smartisan.com/resource/07b685416dcb15d89ae399959794bdf6.jpg?x-oss-process=image/resize,w_216/format,webp",猎豹移动 小豹AI翻译棒 青春版,多国语言 蓝牙连接,￥299.00,
"https://resource.smartisan.com/resource/383f46cb588df387de128de893a383cc.jpg?x-oss-process=image/resize,w_216/format,webp",爱奇艺iQIYI 小阅悦S,满400减30,￥65.00,
"https://resource.smartisan.com/resource/d05556bb5c10387b1c2ce353646d766f.jpg?x-oss-process=image/resize,w_216/format,webp",机乐堂 光影系列重力支架,自动锁紧 一放即稳,￥60.00,
"https://resource.smartisan.com/resource/a8deff34825a8e970b7922073f22b21d.jpg?x-oss-process=image/resize,w_216/format,webp",ASPOR A399移动电源,数显大容量,￥112.00,
"https://resource.smartisan.com/resource/fb027634e618a3526eec73e7b3f28579.jpg?x-oss-process=image/resize,w_216/format,webp",ASPOR A322移动电源,PD双向快充,￥72.80,
"https://resource.smartisan.com/resource/838cc10d48fb5ef90ef6e05e93d3e8c9.jpg?x-oss-process=image/resize,w_216/format,webp",ASPOR Q359移动电源,双向快充,￥112.00,
"https://resource.smartisan.com/resource/6c892314770d8b857571d26f68dbff07.jpg?x-oss-process=image/resize,w_216/format,webp",ASPOR Q358PD移动电源,支持两种接口输入,￥105.00,
"https://resource.smartisan.com/resource/ce610bce5eb6f1f1123d177f58aa0def.jpg?x-oss-process=image/resize,w_216/format,webp",ASPOR A358移动电源,10000毫安/37瓦 聚合物锂电池 塑料壳 LED数显,￥60.20,
"https://resource.smartisan.com/resource/ce647c60e2f8d23a2ecc3a575a3182e6.jpg?x-oss-process=image/resize,w_216/format,webp",ASPOR A323移动电源,满200减10,￥49.00,
"https://resource.smartisan.com/resource/27dbe0ee37c1210b913a3a70676b7289.jpg?x-oss-process=image/resize,w_216/format,webp",ASPOR 尼龙数据线,满400减30,￥18.20,
"https://resource.smartisan.com/resource/49eda34a075bf794a3fcf0586a38f053.jpg?x-oss-process=image/resize,w_216/format,webp",ASPOR 金属外壳PET线材数据线,满200减10,￥21.00,
"https://resource.smartisan.com/resource/7747937f4a92a0c45b21cbafcdd06eac.jpg?x-oss-process=image/resize,w_216/format,webp",公牛Linefriends小魔方USB插座,萌趣联名款,￥79.00,
"https://resource.smartisan.com/resource/dba53176ab790c9922df464e8ae5b92a.jpg?x-oss-process=image/resize,w_216/format,webp",ASPOR 注塑数据线,满200减10,￥11.00,
"https://resource.smartisan.com/resource/b407252c8608be785216f945fb416d64.jpg?x-oss-process=image/resize,w_216/format,webp",机乐堂 PPS系列双口45W智能车充(type-c+USB),精致小巧，不占空间,￥79.00,
"https://resource.smartisan.com/resource/db0b4d3af8569a37ab9d51a5d6a81786.jpg?x-oss-process=image/resize,w_216/format,webp",机乐堂 便携系列一拖三充电短线,一线三用 小巧便携,￥59.00,
"https://resource.smartisan.com/resource/5b9d3b8164734ef49bd1e9588c8741fd.jpg?x-oss-process=image/resize,w_216/format,webp",ASPOR 无线TWS蓝牙耳机,满400减30,￥98.00,
"https://resource.smartisan.com/resource/e2cf2e0f6c209254cb791b4a026df1f4.jpg?x-oss-process=image/resize,w_216/format,webp",尖锋系列快充线 S-M411 苹果,3A大电流快速充电 指示灯充电不摸黑,￥39.00,
"https://resource.smartisan.com/resource/895653e387191360bf790938115935d2.jpg?x-oss-process=image/resize,w_216/format,webp",睿量 万福适配器,智能输出，快充不伤机,￥48.00,
"https://resource.smartisan.com/resource/03f1fc86f3bb5e3e9d7affa7ce0c8ec4.jpg?x-oss-process=image/resize,w_216/format,webp",REMAX 铝合金桌面无线充,双重模式，充电更安全,￥99.00,
"https://resource.smartisan.com/resource/6bd77b5dafabcc639bf39690077388fb.jpg?x-oss-process=image/resize,w_216/format,webp",图拉斯 L61灭蚊灯,诱蚊纯物理灭蚊,￥178.00,
"https://resource.smartisan.com/resource/2c1e839932b9b2bbd5b80c75fbf55ff1.jpg?x-oss-process=image/resize,w_216/format,webp",L2无叶挂脖风扇,方便轻巧 清爽一夏,￥168.00,
"https://resource.smartisan.com/resource/a201ded035feb212f5a750f6a465762f.jpg?x-oss-process=image/resize,w_216/format,webp",L5复古口袋风扇,强劲风力,￥98.00,
"https://resource.smartisan.com/resource/920a17041ae26682ac8723a251f044d1.jpg?x-oss-process=image/resize,w_216/format,webp",明雅不锈钢茶隔杯悦友款,防暑季直降,￥79.00,￥99.00
"https://resource.smartisan.com/resource/f71d21e71a3767d767b20eb9abc2ed07.jpeg?x-oss-process=image/resize,w_216/format,webp",多样屋无线充电补光镜,无线充电，补光美妆,￥359.00,
"https://resource.smartisan.com/resource/a2722f863f6a5d530e42147a219936b3.jpg?x-oss-process=image/resize,w_216/format,webp",雷明登电动女士剃毛器,满200减10,￥169.00,￥269.00
"https://resource.smartisan.com/resource/a86702d8af87ccc5339f100023f03da8.jpg?x-oss-process=image/resize,w_216/format,webp",佳奥6-16岁儿童乳胶枕,满200减10,￥129.00,￥159.00
"https://resource.smartisan.com/resource/9f44932f9613402f5bdc17889f31869c.jpg?x-oss-process=image/resize,w_216/format,webp",佳奥泰国原装进口乳胶枕,佳奥乳胶系列直降,￥229.00,￥269.00
"https://resource.smartisan.com/resource/d414123571999c0bac7956568c11a5cc.jpg?x-oss-process=image/resize,w_216/format,webp",莱卡直饮净水壶,满400减30,￥369.00,
"https://resource.smartisan.com/resource/dceb7c9ac6bf459a52a8a7847567b94c.jpg?x-oss-process=image/resize,w_216/format,webp",莱卡Turin都灵系列即热直饮水机KE-9401,即是净水器，又是饮水机,"￥1,999.00",
"https://resource.smartisan.com/resource/2a26cbd50d1cacf575d08d76ab13f162.jpg?x-oss-process=image/resize,w_216/format,webp",鸣盏迷你养生壶MZ-086,防暑季直降,￥155.00,￥169.00
"data:image/gif;base64,R0lGODlhAQABAIAAAAAAAP///yH5BAEAAAAALAAAAAABAAEAAAIBRAA7",鸣盏三合一煮茶器MZ-072T,防暑季直降,￥229.00,￥299.00
"data:image/gif;base64,R0lGODlhAQABAIAAAAAAAP///yH5BAEAAAAALAAAAAABAAEAAAIBRAA7",摩飞便携式吸尘器MR3936,净化细菌，清新空气,￥328.00,
"data:image/gif;base64,R0lGODlhAQABAIAAAAAAAP///yH5BAEAAAAALAAAAAABAAEAAAIBRAA7",摩飞薄饼机MR1266,20秒快速出饼，防粘易脱落,￥299.00,
"data:image/gif;base64,R0lGODlhAQABAIAAAAAAAP///yH5BAEAAAAALAAAAAABAAEAAAIBRAA7",雷明顿鼻毛修剪器NE3750CN,垂直刀头，超长待机，防水设计，卫生环保,￥249.00,
"data:image/gif;base64,R0lGODlhAQABAIAAAAAAAP///yH5BAEAAAAALAAAAAABAAEAAAIBRAA7",雷明顿D2400CN-旅行吹风机,防暑季直降,￥199.00,￥249.00
"data:image/gif;base64,R0lGODlhAQABAIAAAAAAAP///yH5BAEAAAAALAAAAAABAAEAAAIBRAA7",巧本口袋电热杯,轻巧便携，真空保温，三挡控温,￥299.00,
"data:image/gif;base64,R0lGODlhAQABAIAAAAAAAP///yH5BAEAAAAALAAAAAABAAEAAAIBRAA7",歌岚GET040电动牙刷GET040,声波震动洁齿，有效减少牙菌斑,￥118.00,
"data:image/gif;base64,R0lGODlhAQABAIAAAAAAAP///yH5BAEAAAAALAAAAAABAAEAAAIBRAA7",公牛扩展式车载充电器GNV—CD1181,不占用原车点烟口支持多设备充电,￥109.00,
"data:image/gif;base64,R0lGODlhAQABAIAAAAAAAP///yH5BAEAAAAALAAAAAABAAEAAAIBRAA7",公牛塑料车充CUB12H,满400减30,￥49.00,
"data:image/gif;base64,R0lGODlhAQABAIAAAAAAAP///yH5BAEAAAAALAAAAAABAAEAAAIBRAA7",公牛环球旅行转换器L07,满600减60,￥69.00,
"https://resource.smartisan.com/resource/9960edf1929adf3597d80c257fbaddc5.jpg?x-oss-process=image/resize,w_216/format,webp",公牛多国旅行转换器 GNV-L08U,满200减10,￥159.00,
"https://resource.smartisan.com/resource/08413802b7d91f72b6809f78372f9aa0.jpg?x-oss-process=image/resize,w_216/format,webp",公牛收纳盒插座 GN-F2161,还你整洁空间,￥119.00,
"https://resource.smartisan.com/resource/ee1114a057e7753736123b62cf98d058.jpg?x-oss-process=image/resize,w_216/format,webp",公牛无线充电器GNV-WA110U,自动识别可无线充电手机,￥129.00,
"https://resource.smartisan.com/resource/d31364cd9bc702f1027503fb7a9970d8.jpg?x-oss-process=image/resize,w_216/format,webp",公牛红外感应车载无线充电器GNV-CA1100,满400减30,￥199.00,
"https://resource.smartisan.com/resource/b7d1a6d6d2fa08db596bd64d05074cbe.jpg?x-oss-process=image/resize,w_216/format,webp",公牛立式插V106U,办公室助手节省空间,￥109.00,
"https://resource.smartisan.com/resource/cb2fca29e366390601a38b9f38ddf1f6.jpg?x-oss-process=image/resize,w_216/format,webp",公牛桌洞插U82050,悬挂式插座桌子上线更整洁,￥139.00,
"https://resource.smartisan.com/resource/43d9519c68cef27dd08b4b7ce8daa326.jpg?x-oss-process=image/resize,w_216/format,webp",公牛USB智能插座UUB126,USB 5 层安全防护,￥99.00,
"https://resource.smartisan.com/resource/b48b5f346df24935c6697eb9c90dc919.png?x-oss-process=image/resize,w_216/format,webp",公牛无线白魔方插座,无线插座方便扩展,￥75.00,
"https://resource.smartisan.com/resource/b1836e2df69ca107bdc562ffc20a1894.jpg?x-oss-process=image/resize,w_216/format,webp",公牛无线小魔方插座,方便外出携带,￥62.00,
"https://resource.smartisan.com/resource/6ac8574b3df17792de86252122e279ae.jpg?x-oss-process=image/resize,w_216/format,webp",公牛黑魔方插座,USB 插座,￥75.00,
"data:image/gif;base64,R0lGODlhAQABAIAAAAAAAP///yH5BAEAAAAALAAAAAABAAEAAAIBRAA7",公牛USB智能插座UUA124,USB 5 重防护,￥85.00,
"data:image/gif;base64,R0lGODlhAQABAIAAAAAAAP///yH5BAEAAAAALAAAAAABAAEAAAIBRAA7",公牛新国标插座,满200减10,￥33.00,
"data:image/gif;base64,R0lGODlhAQABAIAAAAAAAP///yH5BAEAAAAALAAAAAABAAEAAAIBRAA7",佳奥记忆棉蝶形护脊腰垫,满200减10,￥159.00,￥169.00
"data:image/gif;base64,R0lGODlhAQABAIAAAAAAAP///yH5BAEAAAAALAAAAAABAAEAAAIBRAA7",极米投影仪 Z6X,极米直降,"￥2,919.00","￥2,999.00"
"data:image/gif;base64,R0lGODlhAQABAIAAAAAAAP///yH5BAEAAAAALAAAAAABAAEAAAIBRAA7",极米投影仪 H3,极米直降,"￥4,909.00","￥4,999.00"
"https://resource.smartisan.com/resource/2a4b44e8d524cfe7ab88a949cead80bc.jpg?x-oss-process=image/resize,w_216/format,webp",Remax便携式手持风扇,防暑季直降,￥25.00,￥39.00
"https://resource.smartisan.com/resource/ac1c05892b851d2a55f143ba929f4f6f.png?x-oss-process=image/resize,w_216/format,webp",Remax负离子SUP吹风机,防暑季直降,￥259.00,￥358.00
"https://resource.smartisan.com/resource/1604c12617d2848900d8cee362dfef6d.jpg?x-oss-process=image/resize,w_216/format,webp",RemaxKG02优果系列多功能榨汁机,抖音热销商品,￥178.00,
"https://resource.smartisan.com/resource/426dc0f27ef6cc5591106b31dcb5cfca.jpg?x-oss-process=image/resize,w_216/format,webp",Remax 无点光源护眼灯,,￥168.00,
"https://resource.smartisan.com/resource/766d459a3166cc8b9ce26ca93121ec6e.jpg?x-oss-process=image/resize,w_216/format,webp",Remax/睿量 RT-U3晴雨两用伞,满200减10,￥58.00,￥79.00
"https://resource.smartisan.com/resource/baa6f472e5cf3d2781471e230d3b0324.jpg?x-oss-process=image/resize,w_216/format,webp",网易有道词典笔2.0,网易有道词典直降100元,￥699.00,￥799.00
"https://resource.smartisan.com/resource/7316f0e4de692e7d89f77c89f44bf651.jpg?x-oss-process=image/resize,w_216/format,webp",SKG K5 颈椎按摩仪,满600减60,￥599.00,
"https://resource.smartisan.com/resource/fcd2056c61573e64ee68c094fd144c10.jpg?x-oss-process=image/resize,w_216/format,webp",JEEP智能全境界腕表 Pro,4G全网通 防水可游泳,"￥2,280.00",
"https://resource.smartisan.com/resource/3e1b8a9797363c9fde102fd0832840ce.jpg?x-oss-process=image/resize,w_216/format,webp",FERACE智能健康手表,,￥299.00,
"https://resource.smartisan.com/resource/b3e0de1e82fd10c93b2b003aeb9e9163.jpg?x-oss-process=image/resize,w_216/format,webp",杯具熊中透弹跳保温杯,满200减10,￥149.00,
"https://resource.smartisan.com/resource/d983106a45b56034060740e80264cf09.png?x-oss-process=image/resize,w_216/format,webp",H1加湿器,净化无声 随时滋润,￥69.00,
"https://resource.smartisan.com/resource/caab276f073e3aba0e5b2567b5ecf19b.png?x-oss-process=image/resize,w_216/format,webp",STOJO 可折叠硅胶旅行杯,可折叠水杯，方便你的生活,￥118.00,
"https://resource.smartisan.com/resource/fb539f4433f6b7c3e078510a942add1c.png?x-oss-process=image/resize,w_216/format,webp",时光云摩猫梳,“懂柔软的弯钩猫毛梳”,￥49.00,
"https://resource.smartisan.com/resource/df8c296ccf8f78af57901d213c24d5a7.jpg?x-oss-process=image/resize,w_216/format,webp",GoBiggeR 便携式触屏显示器 ZB133TF-W,GoBiggeR 触屏显示器直降,"￥1,369.00","￥1,449.00"
"https://resource.smartisan.com/resource/f90eb5c8dd0b6221cfdc0b0c3bdd1b87.jpg?x-oss-process=image/resize,w_216/format,webp",GoBiggeR 便携式触屏显示器 ZB156TF,GoBiggeR 触屏显示器直降,"￥1,499.00","￥1,599.00"
"https://resource.smartisan.com/resource/84b472956d7facb9d7134f7569d3bd84.jpg?x-oss-process=image/resize,w_216/format,webp",GoBiggeR 便携式触屏显示器 ZB156UT,GoBiggeR 触屏显示器直降,"￥1,999.00",
"https://resource.smartisan.com/resource/b1ea23314be6d08474d8d3e9c7ba6e15.jpg?x-oss-process=image/resize,w_216/format,webp",科沃斯扫地机器人 DN55,智能规划 扫拖一体,"￥2,399.00",
"https://resource.smartisan.com/resource/69376ec9945e7cafa1fa393439c8835d.jpg?x-oss-process=image/resize,w_216/format,webp",科沃斯扫地机器人 DH45,智能规划,"￥1,799.00",
"https://resource.smartisan.com/resource/b6db8976d3fe9a04b0a58dc82099838b.jpg?x-oss-process=image/resize,w_216/format,webp",科沃斯扫地机器人 DK35,智能规划,"￥1,699.00",
"https://resource.smartisan.com/resource/834e8388b0017c457c98baa6545cdfb2.jpg?x-oss-process=image/resize,w_216/format,webp",C-force USB-C多功能转接器,可以替换Switch底座的超便携4K视频转接器,￥168.00,

